Designator,Footprint,Quantity,Value,LCSC Part #
C3,C_0603_1608Metric_Pad1.08x0.95mm_HandSolder,1,1uF,
R1,R_0603_1608Metric_Pad0.98x0.95mm_HandSolder,1,39,
U1,PMW3360,1,PMW3360,
R2,R_0603_1608Metric_Pad0.98x0.95mm_HandSolder,1,10k,
U2,SOT-23-5,1,TLV70019_SOT23-5,
H1,MountingHole_2.2mm_M2_DIN965_Pad,1,MountingHole,
C1,C_0603_1608Metric_Pad1.08x0.95mm_HandSolder,1,4.7uF,
J1,JST_SH_SM06B-SRSS-TB_1x06-1MP_P1.00mm_Horizontal,1,Conn_01x06,
C2,C_0603_1608Metric_Pad1.08x0.95mm_HandSolder,1,0.1uF,
J2,PinHeader_1x06_P2.54mm_Vertical,1,Conn_01x06,
H2,MountingHole_2.2mm_M2_DIN965_Pad,1,MountingHole,
